{"text": " You're doing another branch, right? Okay, I'm just recording, I'm talking, soul talking recording.", "segments": [{"id": 0, "seek": 0, "start": 0.0, "end": 5.0, "text": " You're doing another branch, right?", "tokens": [50364, 509, 434, 884, 1071, 9819, 11, 558, 30, 50614], "temperature": 0.0, "avg_logprob": -0.45618087904793875, "compression_ratio": 1.180722891566265, "no_speech_prob": 0.16990454494953156}, {"id": 1, "seek": 0, "start": 5.0, "end": 10.0, "text": " Okay, I'm just recording, I'm talking, soul talking recording.", "tokens": [50614, 1033, 11, 286, 478, 445, 6613, 11, 286, 478, 1417, 11, 5133, 1417, 6613, 13, 50864], "temperature": 0.0, "avg_logprob": -0.45618087904793875, "compression_ratio": 1.180722891566265, "no_speech_prob": 0.16990454494953156}], "language": "en"}